{
    "audio_R@1": 0.00695078196253,
    "audio_R@10": 0.0754233715868308,
    "audio_R@5": 0.0377384879014884,
    "audio_acc": 0.102796875,
    "audio_mean_rank": 64.7875879014115,
    "duration": 133975,
    "epoch": 9.0,
    "loss": 4.164969417095184,
    "mean_acc": 0.1109375,
    "steps": 1078121.0,
    "text_R@1": 0.0072993379936063,
    "text_R@10": 0.0776083858389114,
    "text_R@5": 0.039173419194576,
    "text_acc": 0.119078125,
    "text_mean_rank": 64.53289775308063
}