{
    "names": [
        "sentsummtext2text",
        "sentsummtext2audio",
        "sentsummaudio2text",
        "sentsummaudio2audio"
    ],
    "ranks": [
        16.88679245283019,
        352.33962264150944,
        874.9811320754717,
        3147.169811320755
    ],
    "ranks_sd": [
        2374.5532217871128,
        1015998.2620149519,
        10675452.546813814,
        34482719.12210751
    ],
    "mrrs": [
        0.5759886645048506,
        0.08752781235419407,
        0.030547550671309903,
        0.030045523396459036
    ],
    "mrrs_sd": [
        0.17164436023312746,
        0.04394257154504099,
        0.01834089121766817,
        0.002050405468659511
    ]
}