{
    "names": [
        "fullsummtext2text",
        "fullsummtext2audio",
        "fullsummaudio2text",
        "fullsummaudio2audio"
    ],
    "ranks": [
        16.67924528301887,
        420.77358490566036,
        610.5094339622641,
        2846.9056603773583
    ],
    "ranks_sd": [
        2116.406550373798,
        854984.4393022427,
        926875.0800996796,
        13628130.953364186
    ],
    "mrrs": [
        0.6053405350679689,
        0.07320260943010098,
        0.016422826617081943,
        0.004389322704656117
    ],
    "mrrs_sd": [
        0.1812692758208971,
        0.030992321236121192,
        0.0021336339415724947,
        0.00024693719460105323
    ]
}