{
    "names": [
        "sent_descr_text2text",
        "sent_descr_text2audio",
        "sent_descr_audio2text",
        "sent_descr_audio2audio"
    ],
    "ranks": [
        111.60416666666667,
        276.74468085106383,
        378.8510638297872,
        150.175
    ],
    "ranks_var": [
        86217.03081597222,
        117504.57311000452,
        214075.99909461298,
        27101.294374999998
    ],
    "ranks_std": [
        293.62736728032047,
        342.78940052166803,
        462.6834761417496,
        164.624707668685
    ],
    "mrrs": [
        0.28877859213120205,
        0.04081118315192337,
        0.023563730386076915,
        0.053356686604026815
    ],
    "mrrs_var": [
        0.3874867850912902,
        0.09380087553056583,
        0.07405251739925214,
        0.1618402626866164
    ],
    "mrrs_std": [
        0.15014600862038371,
        0.008798604250300705,
        0.005483775333166542,
        0.026192270626472995
    ],
    "mean_acc": 0.15158301279371184,
    "std_acc": 0.055505480690592884,
    "var_acc": 0.0031841906183996144,
    "audio_acc": 0.1505430010870474,
    "std_audio_acc": 0.056428632965894315,
    "text_acc": 0.1526230245003763,
    "std_text_acc": 0.05716029817988646,
    "var_text_acc": 0.003267299688013531
}