{
    "querytext2text": {
        "p10_ep": 0.0375,
        "p10_seg": 0.008333333333333333,
        "p100_ep": 0.014791666666666667,
        "r10_ep": 0.16666666666666666,
        "r100_ep": 0.4375,
        "r100_seg": 0.0625,
        "r1000_seg": 0.2708333333333333,
        "r10_ep_norm": 0.015559008137933183,
        "ndcg_ep": 0.8193929934389418,
        "rank_ep": 281.1458333333333,
        "rank_seg": 4051.9375,
        "mrr_ep": 0.12404848891456483,
        "mrr_seg": 0.04341919440032383
    },
    "querytext2audio": {
        "p10_ep": 0.025000000000000005,
        "p10_seg": 0.0,
        "p100_ep": 0.012291666666666668,
        "r10_ep": 0.125,
        "r100_ep": 0.4791666666666667,
        "r100_seg": 0.0625,
        "r1000_seg": 0.3125,
        "r10_ep_norm": 0.009467939866646763,
        "ndcg_ep": 0.8103487644601435,
        "rank_ep": 363.5208333333333,
        "rank_seg": 6365.604166666667,
        "mrr_ep": 0.03973014049205199,
        "mrr_seg": 0.0022877321697077277
    },
    "queryaudio2text": {
        "p10_ep": 0.006250000000000001,
        "p10_seg": 0.0,
        "p100_ep": 0.005833333333333333,
        "r10_ep": 0.0625,
        "r100_ep": 0.3333333333333333,
        "r100_seg": 0.020833333333333332,
        "r1000_seg": 0.22916666666666666,
        "r10_ep_norm": 0.0033247018204645325,
        "ndcg_ep": 0.8107878393296546,
        "rank_ep": 550.1875,
        "rank_seg": 11685.770833333334,
        "mrr_ep": 0.018048186307757914,
        "mrr_seg": 0.0013931769925159057
    },
    "queryaudio2audio": {
        "p10_ep": 0.012500000000000002,
        "p10_seg": 0.0020833333333333333,
        "p100_ep": 0.009375000000000001,
        "r10_ep": 0.125,
        "r100_ep": 0.4583333333333333,
        "r100_seg": 0.08333333333333333,
        "r1000_seg": 0.3125,
        "r10_ep_norm": 0.009039888494384108,
        "ndcg_ep": 0.8104446973700922,
        "rank_ep": 420.6041666666667,
        "rank_seg": 10517.791666666666,
        "mrr_ep": 0.03203262387216859,
        "mrr_seg": 0.004655600805035323
    },
    "descrtext2text": {
        "p10_ep": 0.1125,
        "p10_seg": 0.05625,
        "p100_ep": 0.05791666666666667,
        "r10_ep": 0.4375,
        "r100_ep": 0.8125,
        "r100_seg": 0.5833333333333334,
        "r1000_seg": 0.8333333333333334,
        "r10_ep_norm": 0.04516494226731562,
        "ndcg_ep": 0.8332969036226925,
        "rank_ep": 96.1875,
        "rank_seg": 1503.7708333333333,
        "mrr_ep": 0.23516581903923947,
        "mrr_seg": 0.14876905625253786
    },
    "descrtext2audio": {
        "p10_ep": 0.020833333333333332,
        "p10_seg": 0.0,
        "p100_ep": 0.013541666666666667,
        "r10_ep": 0.10416666666666667,
        "r100_ep": 0.4583333333333333,
        "r100_seg": 0.10416666666666667,
        "r1000_seg": 0.2916666666666667,
        "r10_ep_norm": 0.006015361952861953,
        "ndcg_ep": 0.8077084153017854,
        "rank_ep": 255.60416666666666,
        "rank_seg": 7800.1875,
        "mrr_ep": 0.07081245871481943,
        "mrr_seg": 0.0024379740067982723
    },
    "descraudio2text": {
        "p10_ep": 0.004166666666666667,
        "p10_seg": 0.0,
        "p100_ep": 0.0077083333333333335,
        "r10_ep": 0.041666666666666664,
        "r100_ep": 0.375,
        "r100_seg": 0.041666666666666664,
        "r1000_seg": 0.3541666666666667,
        "r10_ep_norm": 0.0032503132832080194,
        "ndcg_ep": 0.8104443835500627,
        "rank_ep": 455.4166666666667,
        "rank_seg": 5881.291666666667,
        "mrr_ep": 0.03744401386387478,
        "mrr_seg": 0.0028953938996399164
    },
    "descraudio2audio": {
        "p10_ep": 0.010416666666666666,
        "p10_seg": 0.0,
        "p100_ep": 0.006666666666666668,
        "r10_ep": 0.0625,
        "r100_ep": 0.3958333333333333,
        "r100_seg": 0.041666666666666664,
        "r1000_seg": 0.25,
        "r10_ep_norm": 0.002577861952861953,
        "ndcg_ep": 0.8156030616384374,
        "rank_ep": 404.375,
        "rank_seg": 13048.604166666666,
        "mrr_ep": 0.024031019757286307,
        "mrr_seg": 0.002434918899731356
    },
    "test_acc": 0.15200404768375284
}