{
    "audio_R@1": 0.0076621458495215,
    "audio_R@10": 0.078235962081577,
    "audio_R@5": 0.0387753814603128,
    "audio_acc": 0.3941796875,
    "audio_mean_rank": 64.85427169062972,
    "duration": 94782,
    "epoch": 9.0,
    "loss": 2.7124672100543976,
    "mean_acc": 0.3954765625,
    "steps": 378907.0,
    "text_R@1": 0.0078156980755849,
    "text_R@10": 0.0778504190505479,
    "text_R@5": 0.0386831682342432,
    "text_acc": 0.3967734375,
    "text_mean_rank": 64.81367137256281
}