{
    "names": [
        "fullsummtext2text",
        "fullsummtext2audio",
        "fullsummaudio2text",
        "fullsummaudio2audio"
    ],
    "ranks": [
        174.22641509433961,
        319.0943396226415,
        529.7169811320755,
        673.5849056603773
    ],
    "ranks_sd": [
        416812.4393022429,
        963276.7646849413,
        1596423.7500889997,
        616464.6578853684
    ],
    "mrrs": [
        0.2537590906023427,
        0.06934411964437635,
        0.04380971655927129,
        0.007291469712114442
    ],
    "mrrs_sd": [
        0.15587473537616292,
        0.03633909998330076,
        0.022209330309517095,
        0.00022377640495298474
    ]
}