{
    "names": [
        "sentsummtext2text",
        "sentsummtext2audio",
        "sentsummaudio2text",
        "sentsummaudio2audio"
    ],
    "ranks": [
        80.15094339622641,
        226.83018867924528,
        318.1509433962264,
        761.9622641509434
    ],
    "ranks_sd": [
        32076.430046279816,
        111046.0277678889,
        245737.3734425062,
        1794484.3759344963
    ],
    "mrrs": [
        0.3367193272406974,
        0.09315029498118867,
        0.056931089410107494,
        0.02721591297317039
    ],
    "mrrs_sd": [
        0.18378217849126974,
        0.04638948953455377,
        0.03666341880975561,
        0.018377283098464595
    ]
}