{
    "querytext2text": {
        "p10_ep": 0.02916666666666667,
        "p10_seg": 0.006250000000000001,
        "p100_ep": 0.011041666666666667,
        "r10_ep": 0.16666666666666666,
        "r100_ep": 0.5625,
        "r100_seg": 0.08333333333333333,
        "r1000_seg": 0.3541666666666667,
        "r10_ep_norm": 0.01610886769826134,
        "ndcg_ep": 0.8171422363048094,
        "rank_ep": 236.54166666666666,
        "rank_seg": 4535.291666666667,
        "mrr_ep": 0.08826743647910022,
        "mrr_seg": 0.031689414918312016
    },
    "querytext2audio": {
        "p10_ep": 0.004166666666666667,
        "p10_seg": 0.0,
        "p100_ep": 0.011041666666666667,
        "r10_ep": 0.041666666666666664,
        "r100_ep": 0.3333333333333333,
        "r100_seg": 0.0,
        "r1000_seg": 0.3541666666666667,
        "r10_ep_norm": 0.0019126647834274953,
        "ndcg_ep": 0.8064629560133278,
        "rank_ep": 302.9583333333333,
        "rank_seg": 6027.354166666667,
        "mrr_ep": 0.020159901549522175,
        "mrr_seg": 0.0012487896514517146
    },
    "queryaudio2text": {
        "p10_ep": 0.0020833333333333333,
        "p10_seg": 0.0,
        "p100_ep": 0.005208333333333333,
        "r10_ep": 0.020833333333333332,
        "r100_ep": 0.22916666666666666,
        "r100_seg": 0.020833333333333332,
        "r1000_seg": 0.25,
        "r10_ep_norm": 0.0004734848484848485,
        "ndcg_ep": 0.8138592165756219,
        "rank_ep": 459.0416666666667,
        "rank_seg": 9561.979166666666,
        "mrr_ep": 0.01456192442325391,
        "mrr_seg": 0.0011906885437182762
    },
    "queryaudio2audio": {
        "p10_ep": 0.012500000000000002,
        "p10_seg": 0.0020833333333333333,
        "p100_ep": 0.005625000000000001,
        "r10_ep": 0.125,
        "r100_ep": 0.3541666666666667,
        "r100_seg": 0.041666666666666664,
        "r1000_seg": 0.16666666666666666,
        "r10_ep_norm": 0.008997803278089122,
        "ndcg_ep": 0.8148177572986142,
        "rank_ep": 378.8541666666667,
        "rank_seg": 11034.0625,
        "mrr_ep": 0.04563440431006626,
        "mrr_seg": 0.005191144876667058
    },
    "descrtext2text": {
        "p10_ep": 0.02291666666666667,
        "p10_seg": 0.0020833333333333333,
        "p100_ep": 0.02,
        "r10_ep": 0.16666666666666666,
        "r100_ep": 0.6041666666666666,
        "r100_seg": 0.125,
        "r1000_seg": 0.4166666666666667,
        "r10_ep_norm": 0.015252073663045438,
        "ndcg_ep": 0.81518068305947,
        "rank_ep": 202.6875,
        "rank_seg": 3867.5,
        "mrr_ep": 0.08422739121818712,
        "mrr_seg": 0.016648170335904242
    },
    "descrtext2audio": {
        "p10_ep": 0.012499999999999999,
        "p10_seg": 0.0020833333333333333,
        "p100_ep": 0.011458333333333334,
        "r10_ep": 0.0625,
        "r100_ep": 0.4375,
        "r100_seg": 0.08333333333333333,
        "r1000_seg": 0.3958333333333333,
        "r10_ep_norm": 0.002917294717197818,
        "ndcg_ep": 0.8123942177942158,
        "rank_ep": 355.4583333333333,
        "rank_seg": 4876.8125,
        "mrr_ep": 0.034970387449503544,
        "mrr_seg": 0.012355459150894822
    },
    "descraudio2text": {
        "p10_ep": 0.012500000000000002,
        "p10_seg": 0.004166666666666667,
        "p100_ep": 0.007083333333333333,
        "r10_ep": 0.08333333333333333,
        "r100_ep": 0.3125,
        "r100_seg": 0.0625,
        "r1000_seg": 0.25,
        "r10_ep_norm": 0.002590260623452714,
        "ndcg_ep": 0.8144062817547928,
        "rank_ep": 443.2291666666667,
        "rank_seg": 9537.645833333334,
        "mrr_ep": 0.051151356952511405,
        "mrr_seg": 0.027381007136601142
    },
    "descraudio2audio": {
        "p10_ep": 0.008333333333333333,
        "p10_seg": 0.0020833333333333333,
        "p100_ep": 0.0062499999999999995,
        "r10_ep": 0.08333333333333333,
        "r100_ep": 0.3541666666666667,
        "r100_seg": 0.041666666666666664,
        "r1000_seg": 0.2916666666666667,
        "r10_ep_norm": 0.0018131028559085782,
        "ndcg_ep": 0.8107615878292028,
        "rank_ep": 402.5208333333333,
        "rank_seg": 8531.5625,
        "mrr_ep": 0.028751809323820637,
        "mrr_seg": 0.006657369241116558
    },
    "test_mean_acc": 0.48366521814114893,
    "test_std_acc": 0.2374974384572747,
    "test_var_acc": 0.05640503327376698
}