{
    "names": [
        "sent_descr_text2text",
        "sent_descr_text2audio",
        "sent_descr_audio2text",
        "sent_descr_audio2audio"
    ],
    "ranks": [
        246.02083333333334,
        339.1489361702128,
        304.7659574468085,
        280.7391304347826
    ],
    "ranks_var": [
        175389.8953993056,
        241099.74377546395,
        175980.17926663652,
        158594.84499054824
    ],
    "ranks_std": [
        418.7957681248768,
        491.01908697673247,
        419.49991569324123,
        398.2396828425669
    ],
    "mrrs": [
        0.10065378946108913,
        0.03546127835674125,
        0.022577398590968457,
        0.03990310963188028
    ],
    "mrrs_var": [
        0.1809077205345596,
        0.08666706948525116,
        0.039602892943616824,
        0.09630520307897471
    ],
    "mrrs_std": [
        0.02990914745592224,
        0.007511180933161351,
        0.0015683891295035753,
        0.00927469214008256
    ],
    "mean_acc": 0.4837292389622878,
    "std_acc": 0.23742073546834574,
    "var_acc": 0.0561850360882114,
    "audio_acc": 0.48461605798979845,
    "std_audio_acc": 0.23703382899538072,
    "text_acc": 0.48284241993477717,
    "std_text_acc": 0.2384440847772247,
    "var_text_acc": 0.056855581565248316
}