{
    "audio_R@1": 0.0075363506171514,
    "audio_R@10": 0.0776489859920665,
    "audio_R@5": 0.038142911652207,
    "audio_acc": 0.11275,
    "audio_mean_rank": 64.59096189795831,
    "duration": 256219,
    "epoch": 9.0,
    "loss": 4.057896560430526,
    "mean_acc": 0.121125,
    "steps": 1875000.0,
    "text_R@1": 0.0084008686472163,
    "text_R@10": 0.0791455137483974,
    "text_R@5": 0.039618805899364,
    "text_acc": 0.1295,
    "text_mean_rank": 64.24452943899827
}