{
    "names": [
        "fullsummtext2text",
        "fullsummtext2audio",
        "fullsummaudio2text",
        "fullsummaudio2audio"
    ],
    "ranks": [
        58.9622641509434,
        547.3207547169811,
        462.92452830188677,
        2137.433962264151
    ],
    "ranks_sd": [
        53015.62121751512,
        2683932.632965468,
        350367.05090779637,
        6829340.622997507
    ],
    "mrrs": [
        0.5933132809457962,
        0.062066596883385235,
        0.013033569492383034,
        0.006313517242572096
    ],
    "mrrs_sd": [
        0.20629827131467915,
        0.023150783401215378,
        0.0005417068949520344,
        0.00034932416335140676
    ]
}