{
    "names": [
        "sentsummtext2text",
        "sentsummtext2audio",
        "sentsummaudio2text",
        "sentsummaudio2audio"
    ],
    "ranks": [
        24.58490566037736,
        281.4339622641509,
        659.5471698113207,
        3006.698113207547
    ],
    "ranks_sd": [
        5977.865432538272,
        450728.01922392304,
        1322546.3609825564,
        60618067.79565682
    ],
    "mrrs": [
        0.5920676491918817,
        0.10262947745121388,
        0.054634881713713915,
        0.039840207588612898
    ],
    "mrrs_sd": [
        0.17995894753749328,
        0.053174010053345974,
        0.0009375937063343087,
        0.0012057788384616875
    ]
}