{
    "names": [
        "sent_descr_text2text",
        "sent_descr_text2audio",
        "sent_descr_audio2text",
        "sent_descr_audio2audio"
    ],
    "ranks": [
        67.16666666666667,
        304.3695652173913,
        340.5208333333333,
        165.7560975609756
    ],
    "ranks_var": [
        17005.513888888887,
        124862.31994328923,
        186215.12456597225,
        28661.794170136818
    ],
    "ranks_std": [
        130.40519118842198,
        353.3586279451645,
        431.5265050561463,
        169.2979449672583
    ],
    "mrrs": [
        0.34775132318308516,
        0.03523635926378051,
        0.03842095267512486,
        0.071144101850221916
    ],
    "mrrs_var": [
        0.3915583864177208,
        0.06538454528218009,
        0.0766841976090879,
        0.08017401627877353
    ],
    "mrrs_std": [
        0.15331796997404915,
        0.004275138761757459,
        0.005880466162949643,
        0.0064278728862690445
    ],
    "mean_acc": 0.17882550537252279,
    "std_acc": 0.06359636248553123,
    "var_acc": 0.004149685383957275,
    "audio_acc": 0.17727626682833011,
    "std_audio_acc": 0.06441805169327364,
    "text_acc": 0.18037474391671546,
    "std_text_acc": 0.06513980007758927,
    "var_text_acc": 0.004243193554148299
}