{
    "querytext2text": {
        "p10_ep": 0.0375,
        "p10_seg": 0.014583333333333335,
        "p100_ep": 0.017083333333333336,
        "r10_ep": 0.20833333333333334,
        "r100_ep": 0.4791666666666667,
        "r100_seg": 0.16666666666666666,
        "r1000_seg": 0.6041666666666666,
        "r10_ep_norm": 0.019424679891130586,
        "ndcg_ep": 0.8147279197808226,
        "rank_ep": 216.125,
        "rank_seg": 2068.9791666666665,
        "mrr_ep": 0.14840724446118567,
        "mrr_seg": 0.07348639097349363
    },
    "querytext2audio": {
        "p10_ep": 0.0,
        "p10_seg": 0.0,
        "p100_ep": 0.009166666666666668,
        "r10_ep": 0.0,
        "r100_ep": 0.4375,
        "r100_seg": 0.041666666666666664,
        "r1000_seg": 0.25,
        "r10_ep_norm": 0.0,
        "ndcg_ep": 0.8088615646242333,
        "rank_ep": 264.7916666666667,
        "rank_seg": 7912.9375,
        "mrr_ep": 0.01416084285612518,
        "mrr_seg": 0.00178174850581652
    },
    "queryaudio2text": {
        "p10_ep": 0.012500000000000002,
        "p10_seg": 0.0,
        "p100_ep": 0.0062499999999999995,
        "r10_ep": 0.10416666666666667,
        "r100_ep": 0.3541666666666667,
        "r100_seg": 0.0,
        "r1000_seg": 0.2708333333333333,
        "r10_ep_norm": 0.007401315789473684,
        "ndcg_ep": 0.8167941985744811,
        "rank_ep": 417.1458333333333,
        "rank_seg": 8059.520833333333,
        "mrr_ep": 0.04459355395513744,
        "mrr_seg": 0.0011464694816857542
    },
    "queryaudio2audio": {
        "p10_ep": 0.008333333333333333,
        "p10_seg": 0.0,
        "p100_ep": 0.007916666666666667,
        "r10_ep": 0.08333333333333333,
        "r100_ep": 0.4375,
        "r100_seg": 0.0625,
        "r1000_seg": 0.2916666666666667,
        "r10_ep_norm": 0.0029849803107705407,
        "ndcg_ep": 0.8081229403893073,
        "rank_ep": 383.2708333333333,
        "rank_seg": 7970.75,
        "mrr_ep": 0.03841938279012435,
        "mrr_seg": 0.004231486049910878
    },
    "descrtext2text": {
        "p10_ep": 0.18125000000000002,
        "p10_seg": 0.06666666666666667,
        "p100_ep": 0.06479166666666668,
        "r10_ep": 0.5833333333333334,
        "r100_ep": 0.8125,
        "r100_seg": 0.6875,
        "r1000_seg": 0.875,
        "r10_ep_norm": 0.09831938888536919,
        "ndcg_ep": 0.8307022701979666,
        "rank_ep": 111.95833333333333,
        "rank_seg": 944.7708333333334,
        "mrr_ep": 0.33652158063171694,
        "mrr_seg": 0.1923689337816887
    },
    "descrtext2audio": {
        "p10_ep": 0.006250000000000001,
        "p10_seg": 0.004166666666666667,
        "p100_ep": 0.007916666666666667,
        "r10_ep": 0.0625,
        "r100_ep": 0.4583333333333333,
        "r100_seg": 0.125,
        "r1000_seg": 0.3958333333333333,
        "r10_ep_norm": 0.00210727969348659,
        "ndcg_ep": 0.8132927851238053,
        "rank_ep": 378.0625,
        "rank_seg": 8859.041666666666,
        "mrr_ep": 0.04168063193057673,
        "mrr_seg": 0.010584655825273848
    },
    "descraudio2text": {
        "p10_ep": 0.0020833333333333333,
        "p10_seg": 0.0020833333333333333,
        "p100_ep": 0.005,
        "r10_ep": 0.020833333333333332,
        "r100_ep": 0.3541666666666667,
        "r100_seg": 0.0625,
        "r1000_seg": 0.3333333333333333,
        "r10_ep_norm": 0.0020833333333333333,
        "ndcg_ep": 0.8084942773463006,
        "rank_ep": 512.6458333333334,
        "rank_seg": 6380.208333333333,
        "mrr_ep": 0.031157039770702572,
        "mrr_seg": 0.022959306796557447
    },
    "descraudio2audio": {
        "p10_ep": 0.006250000000000001,
        "p10_seg": 0.0,
        "p100_ep": 0.006874999999999999,
        "r10_ep": 0.041666666666666664,
        "r100_ep": 0.3333333333333333,
        "r100_seg": 0.08333333333333333,
        "r1000_seg": 0.2708333333333333,
        "r10_ep_norm": 0.0013327721661054994,
        "ndcg_ep": 0.8144343231545615,
        "rank_ep": 443.6458333333333,
        "rank_seg": 9211.854166666666,
        "mrr_ep": 0.022431291987886116,
        "mrr_seg": 0.0024551571832478938
    },
    "test_acc": 0.1791129457939627
}