{
    "audio_R@1": 0.0075970324947546,
    "audio_R@10": 0.0776199732174519,
    "audio_R@5": 0.0382335788494386,
    "audio_acc": 0.080171875,
    "audio_mean_rank": 64.64099033838319,
    "duration": 61898,
    "epoch": 4.0,
    "loss": 4.396518021821976,
    "mean_acc": 0.08423046875,
    "steps": 179690.0,
    "text_R@1": 0.0075723512682834,
    "text_R@10": 0.0783645063098922,
    "text_R@5": 0.0394099618811045,
    "text_acc": 0.0882890625,
    "text_mean_rank": 64.50027896158531
}