{
    "names": [
        "sentsummtext2text",
        "sentsummtext2audio",
        "sentsummaudio2text",
        "sentsummaudio2audio"
    ],
    "ranks": [
        12.226415094339623,
        346.64150943396226,
        539.6981132075472,
        5487.320754716981
    ],
    "ranks_sd": [
        1087.194019223923,
        543339.550729797,
        405772.8145247419,
        58508820.70843718
    ],
    "mrrs": [
        0.5765778596207208,
        0.08950475062880482,
        0.02895918081785521,
        0.0064371031259193336
    ],
    "mrrs_sd": [
        0.16430416998928227,
        0.04703974320673964,
        0.007441724125655792,
        0.0007766447146670578
    ]
}