{
    "names": [
        "fullsummtext2text",
        "fullsummtext2audio",
        "fullsummaudio2text",
        "fullsummaudio2audio"
    ],
    "ranks": [
        51.264150943396224,
        650.6792452830189,
        564.7924528301887,
        4042.5283018867926
    ],
    "ranks_sd": [
        58038.043431826234,
        1700280.1801352797,
        446219.5606977572,
        31816700.966180135
    ],
    "mrrs": [
        0.6313265085086498,
        0.052265840650977696,
        0.03307627332594102,
        0.002546405970577535
    ],
    "mrrs_sd": [
        0.18065774181225627,
        0.02202831603885012,
        0.019257143309429993,
        0.00010866770144790938
    ]
}