{
    "querytext2text": {
        "p10_ep": 0.027083333333333334,
        "p10_seg": 0.004166666666666667,
        "p100_ep": 0.014583333333333335,
        "r10_ep": 0.125,
        "r100_ep": 0.3958333333333333,
        "r100_seg": 0.14583333333333334,
        "r1000_seg": 0.2916666666666667,
        "r10_ep_norm": 0.006587130780587233,
        "ndcg_ep": 0.812171643853347,
        "rank_ep": 283.3333333333333,
        "rank_seg": 6468.604166666667,
        "mrr_ep": 0.06776305777772919,
        "mrr_seg": 0.028249123206966906
    },
    "querytext2audio": {
        "p10_ep": 0.022916666666666665,
        "p10_seg": 0.0020833333333333333,
        "p100_ep": 0.013541666666666667,
        "r10_ep": 0.125,
        "r100_ep": 0.5625,
        "r100_seg": 0.0625,
        "r1000_seg": 0.3958333333333333,
        "r10_ep_norm": 0.007694463444292445,
        "ndcg_ep": 0.8135656525622156,
        "rank_ep": 310.7291666666667,
        "rank_seg": 4905.833333333333,
        "mrr_ep": 0.06590936127876128,
        "mrr_seg": 0.005229929914916775
    },
    "queryaudio2text": {
        "p10_ep": 0.006250000000000001,
        "p10_seg": 0.0,
        "p100_ep": 0.006875,
        "r10_ep": 0.0625,
        "r100_ep": 0.3541666666666667,
        "r100_seg": 0.020833333333333332,
        "r1000_seg": 0.20833333333333334,
        "r10_ep_norm": 0.003390638053467001,
        "ndcg_ep": 0.8045628728576489,
        "rank_ep": 539.1666666666666,
        "rank_seg": 12086.041666666666,
        "mrr_ep": 0.016963438062414415,
        "mrr_seg": 0.0010052228149126357
    },
    "queryaudio2audio": {
        "p10_ep": 0.016666666666666666,
        "p10_seg": 0.004166666666666667,
        "p100_ep": 0.009166666666666668,
        "r10_ep": 0.125,
        "r100_ep": 0.375,
        "r100_seg": 0.0625,
        "r1000_seg": 0.3125,
        "r10_ep_norm": 0.010420885969131584,
        "ndcg_ep": 0.8125416291217383,
        "rank_ep": 425.4375,
        "rank_seg": 11351.708333333334,
        "mrr_ep": 0.05071815739360436,
        "mrr_seg": 0.012783853986824323
    },
    "descrtext2text": {
        "p10_ep": 0.16041666666666668,
        "p10_seg": 0.08541666666666665,
        "p100_ep": 0.07458333333333333,
        "r10_ep": 0.5416666666666666,
        "r100_ep": 0.8541666666666666,
        "r100_seg": 0.6041666666666666,
        "r1000_seg": 0.9166666666666666,
        "r10_ep_norm": 0.10152599626503327,
        "ndcg_ep": 0.839140167540133,
        "rank_ep": 52.104166666666664,
        "rank_seg": 355.625,
        "mrr_ep": 0.3430522304671177,
        "mrr_seg": 0.20897907510693056
    },
    "descrtext2audio": {
        "p10_ep": 0.027083333333333334,
        "p10_seg": 0.0020833333333333333,
        "p100_ep": 0.016666666666666666,
        "r10_ep": 0.14583333333333334,
        "r100_ep": 0.5208333333333334,
        "r100_seg": 0.0625,
        "r1000_seg": 0.375,
        "r10_ep_norm": 0.00985043449197861,
        "ndcg_ep": 0.8092895006438491,
        "rank_ep": 272.4166666666667,
        "rank_seg": 6651.895833333333,
        "mrr_ep": 0.0916964020856389,
        "mrr_seg": 0.0052183886380393245
    },
    "descraudio2text": {
        "p10_ep": 0.014583333333333335,
        "p10_seg": 0.0020833333333333333,
        "p100_ep": 0.008958333333333334,
        "r10_ep": 0.125,
        "r100_ep": 0.4166666666666667,
        "r100_seg": 0.0625,
        "r1000_seg": 0.2916666666666667,
        "r10_ep_norm": 0.004941214166143545,
        "ndcg_ep": 0.8155252304276437,
        "rank_ep": 420.1458333333333,
        "rank_seg": 6646.645833333333,
        "mrr_ep": 0.06152952110457827,
        "mrr_seg": 0.012973668326041047
    },
    "descraudio2audio": {
        "p10_ep": 0.012500000000000002,
        "p10_seg": 0.0,
        "p100_ep": 0.0075,
        "r10_ep": 0.10416666666666667,
        "r100_ep": 0.4375,
        "r100_seg": 0.0625,
        "r1000_seg": 0.16666666666666666,
        "r10_ep_norm": 0.004873116852283519,
        "ndcg_ep": 0.810839875999864,
        "rank_ep": 409.1458333333333,
        "rank_seg": 14753.041666666666,
        "mrr_ep": 0.027522183873121737,
        "mrr_seg": 0.0021949043673602075
    },
    "test_mean_acc": 0.10782968109791789,
    "test_std_acc": 0.040713879414599585,
    "test_var_acc": 0.001657619976986556
}