{
    "names": [
        "sent_descr_text2text",
        "sent_descr_text2audio",
        "sent_descr_audio2text",
        "sent_descr_audio2audio"
    ],
    "ranks": [
        73.875,
        221.80434782608697,
        353.63829787234044,
        150.65853658536585
    ],
    "ranks_var": [
        22193.192708333332,
        99847.02693761812,
        206834.52874603888,
        22554.859012492565
    ],
    "ranks_std": [
        148.97379873096253,
        315.9858017975145,
        454.79064276438106,
        150.1827520472726
    ],
    "mrrs": [
        0.3375124239026331,
        0.10373909876946973,
        0.02989333151908654,
        0.03705923617506806
    ],
    "mrrs_var": [
        0.38600878032449787,
        0.22171343332805218,
        0.07990367566778826,
        0.07539507513522876
    ],
    "mrrs_std": [
        0.14900277848760646,
        0.04915684651811265,
        0.006384597385223097,
        0.005684417354646792
    ],
    "mean_acc": 0.10768400106614265,
    "std_acc": 0.040946820325764924,
    "var_acc": 0.0018036350298591425,
    "audio_acc": 0.10746940066059035,
    "std_audio_acc": 0.042469224502681265,
    "text_acc": 0.10789860147169496,
    "std_text_acc": 0.042402440067285795,
    "var_text_acc": 0.0017979669236597635
}