{
    "audio_R@1": 0.0077017085936173,
    "audio_R@10": 0.0776834628555936,
    "audio_R@5": 0.0388382588670937,
    "audio_acc": 0.375359375,
    "audio_mean_rank": 64.55746679712153,
    "duration": 94645,
    "epoch": 9.0,
    "loss": 2.8092320562601087,
    "mean_acc": 0.37761328125,
    "steps": 375000.0,
    "text_R@1": 0.0079994503658446,
    "text_R@10": 0.0801116534520873,
    "text_R@5": 0.040529467681089,
    "text_acc": 0.3798671875,
    "text_mean_rank": 64.3586862519858
}