{
    "names": [
        "sentsummtext2text",
        "sentsummtext2audio",
        "sentsummaudio2text",
        "sentsummaudio2audio"
    ],
    "ranks": [
        118.81132075471699,
        191.35849056603774,
        305.58490566037733,
        778.5849056603773
    ],
    "ranks_sd": [
        83167.70024919901,
        103234.26771092915,
        246462.05411178354,
        2073645.714489142
    ],
    "mrrs": [
        0.28399307254389927,
        0.09613879675432449,
        0.035358576527733264,
        0.029879220144670901
    ],
    "mrrs_sd": [
        0.15918300766869775,
        0.053205564862946766,
        0.0018490245040143304,
        0.0007565340323467534
    ]
}