{
    "names": [
        "fullsummtext2text",
        "fullsummtext2audio",
        "fullsummaudio2text",
        "fullsummaudio2audio"
    ],
    "ranks": [
        187.11320754716982,
        473.54716981132077,
        345.41509433962267,
        744.2452830188679
    ],
    "ranks_sd": [
        511431.9871840513,
        3318526.0590957636,
        171283.7522249911,
        819430.524741901
    ],
    "mrrs": [
        0.21227330122416035,
        0.0835057102929689,
        0.03261023253188719,
        0.007743256373857316
    ],
    "mrrs_sd": [
        0.11409330538720647,
        0.052144526490218265,
        0.01866981456754713,
        0.00020699089088056904
    ]
}