{
    "querytext2text": {
        "p10_ep": 0.02291666666666667,
        "p10_seg": 0.006250000000000001,
        "p100_ep": 0.012291666666666668,
        "r10_ep": 0.14583333333333334,
        "r100_ep": 0.5208333333333334,
        "r100_seg": 0.14583333333333334,
        "r1000_seg": 0.3958333333333333,
        "r10_ep_norm": 0.015290554353054354,
        "ndcg_ep": 0.8099159285110792,
        "rank_ep": 265.0208333333333,
        "rank_seg": 3091.8125,
        "mrr_ep": 0.09414079964304382,
        "mrr_seg": 0.028303883260051104
    },
    "querytext2audio": {
        "p10_ep": 0.010416666666666666,
        "p10_seg": 0.0,
        "p100_ep": 0.0062499999999999995,
        "r10_ep": 0.08333333333333333,
        "r100_ep": 0.3958333333333333,
        "r100_seg": 0.020833333333333332,
        "r1000_seg": 0.20833333333333334,
        "r10_ep_norm": 0.002896776825785394,
        "ndcg_ep": 0.8108313198702498,
        "rank_ep": 266.1041666666667,
        "rank_seg": 6575.8125,
        "mrr_ep": 0.024997358392475036,
        "mrr_seg": 0.0010651159311343315
    },
    "queryaudio2text": {
        "p10_ep": 0.0,
        "p10_seg": 0.0,
        "p100_ep": 0.004583333333333333,
        "r10_ep": 0.0,
        "r100_ep": 0.25,
        "r100_seg": 0.020833333333333332,
        "r1000_seg": 0.16666666666666666,
        "r10_ep_norm": 0.0,
        "ndcg_ep": 0.8100703678716243,
        "rank_ep": 433.8541666666667,
        "rank_seg": 10396.5625,
        "mrr_ep": 0.011545453283041672,
        "mrr_seg": 0.0008085802941122729
    },
    "queryaudio2audio": {
        "p10_ep": 0.006250000000000001,
        "p10_seg": 0.0,
        "p100_ep": 0.005833333333333334,
        "r10_ep": 0.0625,
        "r100_ep": 0.4166666666666667,
        "r100_seg": 0.041666666666666664,
        "r1000_seg": 0.14583333333333334,
        "r10_ep_norm": 0.004782388663967611,
        "ndcg_ep": 0.8085328995861539,
        "rank_ep": 442.8958333333333,
        "rank_seg": 10382.458333333334,
        "mrr_ep": 0.028200757278366722,
        "mrr_seg": 0.0025185698610938174
    },
    "descrtext2text": {
        "p10_ep": 0.016666666666666666,
        "p10_seg": 0.0,
        "p100_ep": 0.016041666666666666,
        "r10_ep": 0.14583333333333334,
        "r100_ep": 0.5208333333333334,
        "r100_seg": 0.14583333333333334,
        "r1000_seg": 0.5,
        "r10_ep_norm": 0.006721316288644387,
        "ndcg_ep": 0.8134119335268011,
        "rank_ep": 250.375,
        "rank_seg": 3345.4166666666665,
        "mrr_ep": 0.03805164497364494,
        "mrr_seg": 0.004797172362910035
    },
    "descrtext2audio": {
        "p10_ep": 0.01875,
        "p10_seg": 0.0020833333333333333,
        "p100_ep": 0.01,
        "r10_ep": 0.14583333333333334,
        "r100_ep": 0.375,
        "r100_seg": 0.041666666666666664,
        "r1000_seg": 0.25,
        "r10_ep_norm": 0.007614670947362672,
        "ndcg_ep": 0.8130841874920124,
        "rank_ep": 411.25,
        "rank_seg": 5963.875,
        "mrr_ep": 0.0754836694736727,
        "mrr_seg": 0.004234564102087983
    },
    "descraudio2text": {
        "p10_ep": 0.016666666666666666,
        "p10_seg": 0.004166666666666667,
        "p100_ep": 0.00875,
        "r10_ep": 0.125,
        "r100_ep": 0.4375,
        "r100_seg": 0.08333333333333333,
        "r1000_seg": 0.25,
        "r10_ep_norm": 0.0065473048347342135,
        "ndcg_ep": 0.8145124277741592,
        "rank_ep": 381.5416666666667,
        "rank_seg": 9076.0625,
        "mrr_ep": 0.06765648211263031,
        "mrr_seg": 0.013591600834713386
    },
    "descraudio2audio": {
        "p10_ep": 0.012500000000000002,
        "p10_seg": 0.0020833333333333333,
        "p100_ep": 0.007916666666666667,
        "r10_ep": 0.10416666666666667,
        "r100_ep": 0.3958333333333333,
        "r100_seg": 0.041666666666666664,
        "r1000_seg": 0.3125,
        "r10_ep_norm": 0.0031747702351034753,
        "ndcg_ep": 0.8104500654322123,
        "rank_ep": 433.5416666666667,
        "rank_seg": 9829.708333333334,
        "mrr_ep": 0.04869655123794344,
        "mrr_seg": 0.01215031119733464
    },
    "test_mean_acc": 0.4605014398152019,
    "test_std_acc": 0.22409396484770358,
    "test_var_acc": 0.050218105081163804
}