{
    "names": [
        "sent_descr_text2text",
        "sent_descr_text2audio",
        "sent_descr_audio2text",
        "sent_descr_audio2audio"
    ],
    "ranks": [
        250.27083333333334,
        248.95652173913044,
        341.4791666666667,
        237.3111111111111
    ],
    "ranks_var": [
        126717.90581597223,
        112560.606805293,
        276100.2495659722,
        71272.39209876544
    ],
    "ranks_std": [
        355.9745859130568,
        335.500531751133,
        525.4524236940697,
        266.9688972497835
    ],
    "mrrs": [
        0.09276163374845327,
        0.04875239047692457,
        0.020420789605141137,
        0.05590836183595705
    ],
    "mrrs_var": [
        0.21516775588553524,
        0.14937594397670614,
        0.03471111056020627,
        0.16480547475244997
    ],
    "mrrs_std": [
        0.04629716317281729,
        0.022313172638932056,
        0.001204861196322863,
        0.02716084450838042
    ],
    "mean_acc": 0.46062817491010954,
    "std_acc": 0.2240529038785889,
    "var_acc": 0.05002128891811088,
    "audio_acc": 0.4615391650639686,
    "std_audio_acc": 0.22365439615198912,
    "text_acc": 0.4597171847562505,
    "std_text_acc": 0.22511070331070038,
    "var_text_acc": 0.050674828745038175
}