{
    "audio_R@1": 0.0074523946413886,
    "audio_R@10": 0.0771804472011818,
    "audio_R@5": 0.0378882436253075,
    "audio_acc": 0.5080625,
    "audio_mean_rank": 64.70407397907536,
    "duration": 257771,
    "epoch": 9.0,
    "loss": 2.118747153222561,
    "mean_acc": 0.5086484375,
    "steps": 1171869.0,
    "text_R@1": 0.0079041899075206,
    "text_R@10": 0.0763621230687112,
    "text_R@5": 0.0371236048776095,
    "text_acc": 0.509234375,
    "text_mean_rank": 64.56943110424486
}