{
    "names": [
        "sentsummtext2text",
        "sentsummtext2audio",
        "sentsummaudio2text",
        "sentsummaudio2audio"
    ],
    "ranks": [
        89.11320754716981,
        126.47169811320755,
        269.4339622641509,
        607.0943396226415
    ],
    "ranks_sd": [
        43874.59095763617,
        33516.36240655037,
        283036.20790316834,
        2997961.255250979
    ],
    "mrrs": [
        0.3566988174604978,
        0.13885490011469398,
        0.0877134714082986,
        0.03429238293576066
    ],
    "mrrs_sd": [
        0.17511116180200043,
        0.07226298907459718,
        0.04523396631336755,
        0.006866199829840695
    ]
}