{
    "names": [
        "fullsummtext2text",
        "fullsummtext2audio",
        "fullsummaudio2text",
        "fullsummaudio2audio"
    ],
    "ranks": [
        98.45283018867924,
        131.16981132075472,
        225.8490566037736,
        552.9811320754717
    ],
    "ranks_sd": [
        53374.62513349947,
        54199.763616945536,
        63356.241367034534,
        862727.6411534356
    ],
    "mrrs": [
        0.2604926318069154,
        0.14240817758564472,
        0.05735623563821363,
        0.014420699036237035
    ],
    "mrrs_sd": [
        0.15233559047096312,
        0.06492051019730423,
        0.039410273436456755,
        0.0007932313085919555
    ]
}