{
    "querytext2text": {
        "p10_ep": 0.018750000000000003,
        "p10_seg": 0.006250000000000001,
        "p100_ep": 0.009791666666666666,
        "r10_ep": 0.16666666666666666,
        "r100_ep": 0.4791666666666667,
        "r100_seg": 0.125,
        "r1000_seg": 0.4791666666666667,
        "r10_ep_norm": 0.014323479277575319,
        "ndcg_ep": 0.8069038179826878,
        "rank_ep": 244.5,
        "rank_seg": 5034.5625,
        "mrr_ep": 0.09348295090109739,
        "mrr_seg": 0.03638260292297111
    },
    "querytext2audio": {
        "p10_ep": 0.008333333333333333,
        "p10_seg": 0.0,
        "p100_ep": 0.010625,
        "r10_ep": 0.08333333333333333,
        "r100_ep": 0.4583333333333333,
        "r100_seg": 0.041666666666666664,
        "r1000_seg": 0.2708333333333333,
        "r10_ep_norm": 0.003390638053467001,
        "ndcg_ep": 0.8024566579972854,
        "rank_ep": 316.1041666666667,
        "rank_seg": 5027.291666666667,
        "mrr_ep": 0.028570885468714596,
        "mrr_seg": 0.0014246265452642095
    },
    "queryaudio2text": {
        "p10_ep": 0.0,
        "p10_seg": 0.0,
        "p100_ep": 0.005625000000000001,
        "r10_ep": 0.0,
        "r100_ep": 0.3958333333333333,
        "r100_seg": 0.020833333333333332,
        "r1000_seg": 0.22916666666666666,
        "r10_ep_norm": 0.0,
        "ndcg_ep": 0.8092085456684556,
        "rank_ep": 340.6666666666667,
        "rank_seg": 11199.083333333334,
        "mrr_ep": 0.01419796453272488,
        "mrr_seg": 0.000928399760369657
    },
    "queryaudio2audio": {
        "p10_ep": 0.004166666666666667,
        "p10_seg": 0.0,
        "p100_ep": 0.005416666666666667,
        "r10_ep": 0.041666666666666664,
        "r100_ep": 0.375,
        "r100_seg": 0.0625,
        "r1000_seg": 0.08333333333333333,
        "r10_ep_norm": 0.0031798245614035087,
        "ndcg_ep": 0.8120100524267052,
        "rank_ep": 318.6875,
        "rank_seg": 11485.6875,
        "mrr_ep": 0.029167786222950336,
        "mrr_seg": 0.002196006323842054
    },
    "descrtext2text": {
        "p10_ep": 0.012499999999999999,
        "p10_seg": 0.004166666666666667,
        "p100_ep": 0.015,
        "r10_ep": 0.10416666666666667,
        "r100_ep": 0.4791666666666667,
        "r100_seg": 0.16666666666666666,
        "r1000_seg": 0.4583333333333333,
        "r10_ep_norm": 0.003281794768369126,
        "ndcg_ep": 0.8079368073644995,
        "rank_ep": 338.75,
        "rank_seg": 3155.9583333333335,
        "mrr_ep": 0.06411775899619113,
        "mrr_seg": 0.02933702713521649
    },
    "descrtext2audio": {
        "p10_ep": 0.008333333333333333,
        "p10_seg": 0.0,
        "p100_ep": 0.01,
        "r10_ep": 0.08333333333333333,
        "r100_ep": 0.4583333333333333,
        "r100_seg": 0.0625,
        "r1000_seg": 0.2916666666666667,
        "r10_ep_norm": 0.003616898148148148,
        "ndcg_ep": 0.8091090017710192,
        "rank_ep": 314.1458333333333,
        "rank_seg": 6997.333333333333,
        "mrr_ep": 0.05234624111361922,
        "mrr_seg": 0.0038120534230687408
    },
    "descraudio2text": {
        "p10_ep": 0.018750000000000003,
        "p10_seg": 0.0020833333333333333,
        "p100_ep": 0.007083333333333334,
        "r10_ep": 0.14583333333333334,
        "r100_ep": 0.3541666666666667,
        "r100_seg": 0.08333333333333333,
        "r1000_seg": 0.4166666666666667,
        "r10_ep_norm": 0.005258209854937146,
        "ndcg_ep": 0.8145760117290802,
        "rank_ep": 421.1666666666667,
        "rank_seg": 6510.625,
        "mrr_ep": 0.051333450570569115,
        "mrr_seg": 0.007679351181119069
    },
    "descraudio2audio": {
        "p10_ep": 0.006250000000000001,
        "p10_seg": 0.0,
        "p100_ep": 0.004583333333333334,
        "r10_ep": 0.0625,
        "r100_ep": 0.3125,
        "r100_seg": 0.020833333333333332,
        "r1000_seg": 0.3125,
        "r10_ep_norm": 0.004034035956078967,
        "ndcg_ep": 0.8142358732593395,
        "rank_ep": 450.4583333333333,
        "rank_seg": 7024.916666666667,
        "mrr_ep": 0.030041830465129427,
        "mrr_seg": 0.001711314421849289
    },
    "test_mean_acc": 0.6043029831089556,
    "test_std_acc": 0.27274737843196784,
    "test_var_acc": 0.07439113244151106
}