{
    "names": [
        "sent_descr_text2text",
        "sent_descr_text2audio",
        "sent_descr_audio2text",
        "sent_descr_audio2audio"
    ],
    "ranks": [
        240.47916666666666,
        347.8958333333333,
        304.97872340425533,
        307.4347826086956
    ],
    "ranks_var": [
        164384.20789930553,
        246889.1766493056,
        219737.89316432772,
        246234.33270321361
    ],
    "ranks_std": [
        405.44322401454133,
        496.87943874677046,
        468.762085886143,
        496.2200446406953
    ],
    "mrrs": [
        0.1253121774178831,
        0.033646544375356304,
        0.025928235962185284,
        0.04040587662774061
    ],
    "mrrs_var": [
        0.1873341073760943,
        0.05001839230539353,
        0.04384112663249622,
        0.05903208804318017
    ],
    "mrrs_std": [
        0.03509406778639803,
        0.002501839568816251,
        0.0019220443844065699,
        0.0034847874187377754
    ],
    "mean_acc": 0.6041824541140564,
    "std_acc": 0.27281113128974943,
    "var_acc": 0.07400370939930513,
    "audio_acc": 0.6054677700894724,
    "std_audio_acc": 0.27203622810079015,
    "text_acc": 0.6028971381386403,
    "std_text_acc": 0.27406406473487815,
    "var_text_acc": 0.07511111157900349
}