{
    "audio_R@1": 0.0074769997275241,
    "audio_R@10": 0.0774695569438796,
    "audio_R@5": 0.0388853294163356,
    "audio_acc": 0.543,
    "audio_mean_rank": 64.52742027818387,
    "duration": 288709,
    "epoch": 9.0,
    "loss": 1.9515975603163245,
    "mean_acc": 0.5442734375,
    "steps": 1406249.0,
    "text_R@1": 0.0074374642620296,
    "text_R@10": 0.0782120906043188,
    "text_R@5": 0.0385190824796696,
    "text_acc": 0.545546875,
    "text_mean_rank": 64.51036333483263
}