{
    "names": [
        "sentsummtext2text",
        "sentsummtext2audio",
        "sentsummaudio2text",
        "sentsummaudio2audio"
    ],
    "ranks": [
        82.13207547169812,
        142.58490566037736,
        363.50943396226415,
        707.0754716981132
    ],
    "ranks_sd": [
        28603.925952296187,
        147002.12958348164,
        828854.5140619436,
        4678255.918832324
    ],
    "mrrs": [
        0.3496079305037053,
        0.1994412079380592,
        0.11750584166799198,
        0.05861561281083198
    ],
    "mrrs_sd": [
        0.18284889938854818,
        0.10954062933004229,
        0.047722352963224635,
        0.0013899965903857866
    ]
}