{
    "names": [
        "fullsummtext2text",
        "fullsummtext2audio",
        "fullsummaudio2text",
        "fullsummaudio2audio"
    ],
    "ranks": [
        77.9245283018868,
        86.43396226415095,
        281.7358490566038,
        588.1509433962265
    ],
    "ranks_sd": [
        15146.824492702031,
        19911.226771092923,
        199968.64720541114,
        543547.1092915628
    ],
    "mrrs": [
        0.23935683037434397,
        0.1458082132904923,
        0.04732101382443425,
        0.02096695314880683
    ],
    "mrrs_sd": [
        0.1423694764935374,
        0.07416888364317888,
        0.02396901260363719,
        0.002521510483481713
    ]
}