{
    "querytext2text": {
        "p10_ep": 0.01875,
        "p10_seg": 0.006250000000000001,
        "p100_ep": 0.009166666666666667,
        "r10_ep": 0.14583333333333334,
        "r100_ep": 0.4583333333333333,
        "r100_seg": 0.14583333333333334,
        "r1000_seg": 0.4375,
        "r10_ep_norm": 0.014518949414782746,
        "ndcg_ep": 0.8129506096282592,
        "rank_ep": 259.4583333333333,
        "rank_seg": 4332.479166666667,
        "mrr_ep": 0.0812919101761659,
        "mrr_seg": 0.03385005741595192
    },
    "querytext2audio": {
        "p10_ep": 0.010416666666666666,
        "p10_seg": 0.0,
        "p100_ep": 0.012708333333333335,
        "r10_ep": 0.10416666666666667,
        "r100_ep": 0.4583333333333333,
        "r100_seg": 0.0625,
        "r1000_seg": 0.3333333333333333,
        "r10_ep_norm": 0.005494840709353421,
        "ndcg_ep": 0.8192705018510159,
        "rank_ep": 343.1875,
        "rank_seg": 6121.916666666667,
        "mrr_ep": 0.02677397085821348,
        "mrr_seg": 0.002984598048795246
    },
    "queryaudio2text": {
        "p10_ep": 0.0020833333333333333,
        "p10_seg": 0.0,
        "p100_ep": 0.004166666666666667,
        "r10_ep": 0.020833333333333332,
        "r100_ep": 0.2708333333333333,
        "r100_seg": 0.041666666666666664,
        "r1000_seg": 0.2708333333333333,
        "r10_ep_norm": 0.0006720430107526881,
        "ndcg_ep": 0.8107474670364296,
        "rank_ep": 335.5833333333333,
        "rank_seg": 8314.666666666666,
        "mrr_ep": 0.01518218773978184,
        "mrr_seg": 0.00280042119738746
    },
    "queryaudio2audio": {
        "p10_ep": 0.004166666666666667,
        "p10_seg": 0.0,
        "p100_ep": 0.006458333333333334,
        "r10_ep": 0.041666666666666664,
        "r100_ep": 0.4166666666666667,
        "r100_seg": 0.020833333333333332,
        "r1000_seg": 0.125,
        "r10_ep_norm": 0.0031798245614035087,
        "ndcg_ep": 0.8061712892524007,
        "rank_ep": 349.4791666666667,
        "rank_seg": 9177.583333333334,
        "mrr_ep": 0.01602391767228374,
        "mrr_seg": 0.0015996221324283838
    },
    "descrtext2text": {
        "p10_ep": 0.025000000000000005,
        "p10_seg": 0.004166666666666667,
        "p100_ep": 0.013333333333333334,
        "r10_ep": 0.1875,
        "r100_ep": 0.5,
        "r100_seg": 0.16666666666666666,
        "r1000_seg": 0.4375,
        "r10_ep_norm": 0.007375247119926091,
        "ndcg_ep": 0.819121755839241,
        "rank_ep": 366.4583333333333,
        "rank_seg": 4945.916666666667,
        "mrr_ep": 0.05519756375985793,
        "mrr_seg": 0.010316762909291045
    },
    "descrtext2audio": {
        "p10_ep": 0.012499999999999999,
        "p10_seg": 0.006250000000000001,
        "p100_ep": 0.01,
        "r10_ep": 0.125,
        "r100_ep": 0.4166666666666667,
        "r100_seg": 0.125,
        "r1000_seg": 0.375,
        "r10_ep_norm": 0.008597092478671426,
        "ndcg_ep": 0.8114432381022209,
        "rank_ep": 358.0,
        "rank_seg": 4943.708333333333,
        "mrr_ep": 0.04938574167722911,
        "mrr_seg": 0.014895517582003776
    },
    "descraudio2text": {
        "p10_ep": 0.016666666666666666,
        "p10_seg": 0.006250000000000001,
        "p100_ep": 0.006250000000000001,
        "r10_ep": 0.125,
        "r100_ep": 0.375,
        "r100_seg": 0.10416666666666667,
        "r1000_seg": 0.375,
        "r10_ep_norm": 0.005370567644777838,
        "ndcg_ep": 0.8159041757801401,
        "rank_ep": 395.5625,
        "rank_seg": 6746.4375,
        "mrr_ep": 0.05641799955254059,
        "mrr_seg": 0.03163924786964392
    },
    "descraudio2audio": {
        "p10_ep": 0.004166666666666667,
        "p10_seg": 0.0,
        "p100_ep": 0.008958333333333332,
        "r10_ep": 0.041666666666666664,
        "r100_ep": 0.4166666666666667,
        "r100_seg": 0.08333333333333333,
        "r1000_seg": 0.3333333333333333,
        "r10_ep_norm": 0.0006599252761533463,
        "ndcg_ep": 0.8107066140012443,
        "rank_ep": 360.3333333333333,
        "rank_seg": 7659.020833333333,
        "mrr_ep": 0.043766036332790886,
        "mrr_seg": 0.0031337069110681653
    },
    "test_acc": 0.6415702870223263
}