{
    "names": [
        "sent_descr_text2text",
        "sent_descr_text2audio",
        "sent_descr_audio2text",
        "sent_descr_audio2audio"
    ],
    "ranks": [
        286.6595744680851,
        362.0,
        287.3191489361702,
        256.29787234042556
    ],
    "ranks_var": [
        203219.71389769128,
        270121.9574468085,
        104177.36622906291,
        109461.86871887733
    ],
    "ranks_std": [
        450.798972822356,
        519.7325826295755,
        322.7651874491159,
        330.8502209745028
    ],
    "mrrs": [
        0.12796067296531183,
        0.055282738311757025,
        0.03154379311335508,
        0.073392714325285842
    ],
    "mrrs_var": [
        0.25961998321866164,
        0.07349453713073177,
        0.07829482201783552,
        0.07145698605769264
    ],
    "mrrs_std": [
        0.06740253568645815,
        0.005401446988060511,
        0.006130079154804542,
        0.0017186816929877216
    ],
    "mean_acc": 0.6416512929592776,
    "std_acc": 0.27462658025231945,
    "var_acc": 0.07476312361320249,
    "audio_acc": 0.6429382421189063,
    "std_audio_acc": 0.2734284616004751,
    "text_acc": 0.6403643437996488,
    "std_text_acc": 0.27626599884264763,
    "var_text_acc": 0.07632290211652577
}