{
    "audio_R@1": 0.0075339423158596,
    "audio_R@10": 0.0760449038639788,
    "audio_R@5": 0.037817409082141,
    "audio_acc": 0.491171875,
    "audio_mean_rank": 64.77933821214634,
    "duration": 50662,
    "epoch": 9.0,
    "loss": 2.1913504264354704,
    "mean_acc": 0.4922890625,
    "steps": 234373.0,
    "text_R@1": 0.0079061763567757,
    "text_R@10": 0.0791264438783791,
    "text_R@5": 0.0387530192445413,
    "text_acc": 0.49340625,
    "text_mean_rank": 64.46065727897472
}