{
    "names": [
        "fullsummtext2text",
        "fullsummtext2audio",
        "fullsummaudio2text",
        "fullsummaudio2audio"
    ],
    "ranks": [
        84.0377358490566,
        149.66037735849056,
        269.6981132075472,
        502.1320754716981
    ],
    "ranks_sd": [
        29231.69668921324,
        180910.86578853684,
        135849.68244927024,
        472215.92595229624
    ],
    "mrrs": [
        0.32095536765616184,
        0.13515495464903574,
        0.06264328579237077,
        0.016350272710545812
    ],
    "mrrs_sd": [
        0.17818570360725958,
        0.07449055891497644,
        0.030227467977732098,
        0.0014702308497161985
    ]
}