{
    "names": [
        "sentsummtext2text",
        "sentsummtext2audio",
        "sentsummaudio2text",
        "sentsummaudio2audio"
    ],
    "ranks": [
        85.0377358490566,
        179.75471698113208,
        273.188679245283,
        648.5094339622641
    ],
    "ranks_sd": [
        39869.09291562833,
        286382.7511569954,
        657010.1908152367,
        7665622.363118547
    ],
    "mrrs": [
        0.322582068496463,
        0.17390095245878126,
        0.09421748693717012,
        0.037292711257575515
    ],
    "mrrs_sd": [
        0.1764834876637003,
        0.09814767256715955,
        0.052984843001963176,
        0.0008453830872901064
    ]
}