{
    "querytext2text": {
        "p10_ep": 0.020833333333333332,
        "p10_seg": 0.0020833333333333333,
        "p100_ep": 0.011041666666666667,
        "r10_ep": 0.125,
        "r100_ep": 0.5208333333333334,
        "r100_seg": 0.16666666666666666,
        "r1000_seg": 0.5208333333333334,
        "r10_ep_norm": 0.013426083456980348,
        "ndcg_ep": 0.8123154365135213,
        "rank_ep": 231.60416666666666,
        "rank_seg": 3808.2708333333335,
        "mrr_ep": 0.05855711827210469,
        "mrr_seg": 0.009471365154320286
    },
    "querytext2audio": {
        "p10_ep": 0.010416666666666666,
        "p10_seg": 0.0,
        "p100_ep": 0.007291666666666668,
        "r10_ep": 0.08333333333333333,
        "r100_ep": 0.3541666666666667,
        "r100_seg": 0.041666666666666664,
        "r1000_seg": 0.2916666666666667,
        "r10_ep_norm": 0.0018209103749357988,
        "ndcg_ep": 0.8122153721282633,
        "rank_ep": 360.1666666666667,
        "rank_seg": 5081.979166666667,
        "mrr_ep": 0.04006232952026257,
        "mrr_seg": 0.0018040145744580034
    },
    "queryaudio2text": {
        "p10_ep": 0.0020833333333333333,
        "p10_seg": 0.0,
        "p100_ep": 0.004791666666666667,
        "r10_ep": 0.020833333333333332,
        "r100_ep": 0.3541666666666667,
        "r100_seg": 0.020833333333333332,
        "r1000_seg": 0.20833333333333334,
        "r10_ep_norm": 0.001736111111111111,
        "ndcg_ep": 0.8044352404664749,
        "rank_ep": 354.0,
        "rank_seg": 10570.125,
        "mrr_ep": 0.01406234311046023,
        "mrr_seg": 0.0009921078439689643
    },
    "queryaudio2audio": {
        "p10_ep": 0.006250000000000001,
        "p10_seg": 0.0,
        "p100_ep": 0.007083333333333333,
        "r10_ep": 0.0625,
        "r100_ep": 0.3958333333333333,
        "r100_seg": 0.041666666666666664,
        "r1000_seg": 0.125,
        "r10_ep_norm": 0.0029731781376518217,
        "ndcg_ep": 0.8104679360751256,
        "rank_ep": 332.6458333333333,
        "rank_seg": 9753.604166666666,
        "mrr_ep": 0.039761445849352324,
        "mrr_seg": 0.0013151182815986306
    },
    "descrtext2text": {
        "p10_ep": 0.016666666666666666,
        "p10_seg": 0.004166666666666667,
        "p100_ep": 0.011458333333333334,
        "r10_ep": 0.14583333333333334,
        "r100_ep": 0.4375,
        "r100_seg": 0.125,
        "r1000_seg": 0.5208333333333334,
        "r10_ep_norm": 0.004209781094478517,
        "ndcg_ep": 0.8151674021352058,
        "rank_ep": 362.1875,
        "rank_seg": 4981.041666666667,
        "mrr_ep": 0.05679112541384842,
        "mrr_seg": 0.011880775538237881
    },
    "descrtext2audio": {
        "p10_ep": 0.004166666666666667,
        "p10_seg": 0.0020833333333333333,
        "p100_ep": 0.009583333333333334,
        "r10_ep": 0.041666666666666664,
        "r100_ep": 0.4166666666666667,
        "r100_seg": 0.041666666666666664,
        "r1000_seg": 0.3125,
        "r10_ep_norm": 0.003616898148148148,
        "ndcg_ep": 0.815511667959744,
        "rank_ep": 341.3125,
        "rank_seg": 5884.291666666667,
        "mrr_ep": 0.042745780907074586,
        "mrr_seg": 0.00870534328352327
    },
    "descraudio2text": {
        "p10_ep": 0.01875,
        "p10_seg": 0.008333333333333333,
        "p100_ep": 0.0077083333333333335,
        "r10_ep": 0.14583333333333334,
        "r100_ep": 0.4375,
        "r100_seg": 0.1875,
        "r1000_seg": 0.3333333333333333,
        "r10_ep_norm": 0.011547385702220048,
        "ndcg_ep": 0.8137073738554615,
        "rank_ep": 435.4791666666667,
        "rank_seg": 7638.5,
        "mrr_ep": 0.06005858185382527,
        "mrr_seg": 0.04223682704435935
    },
    "descraudio2audio": {
        "p10_ep": 0.008333333333333333,
        "p10_seg": 0.0,
        "p100_ep": 0.005208333333333333,
        "r10_ep": 0.0625,
        "r100_ep": 0.3541666666666667,
        "r100_seg": 0.020833333333333332,
        "r1000_seg": 0.2708333333333333,
        "r10_ep_norm": 0.0018183778140885981,
        "ndcg_ep": 0.8106182777371548,
        "rank_ep": 376.125,
        "rank_seg": 7082.625,
        "mrr_ep": 0.026742801206899047,
        "mrr_seg": 0.001474890088141053
    },
    "test_mean_acc": 0.5906495630905594,
    "test_std_acc": 0.26532408369174104,
    "test_var_acc": 0.07039686938686202
}