{
    "names": [
        "sent_descr_text2text",
        "sent_descr_text2audio",
        "sent_descr_audio2text",
        "sent_descr_audio2audio"
    ],
    "ranks": [
        260.27659574468083,
        347.93617021276594,
        285.8541666666667,
        324.0851063829787
    ],
    "ranks_var": [
        129156.75328202805,
        265084.9108193753,
        131602.37456597222,
        148478.71616115893
    ],
    "ranks_std": [
        359.38385228336017,
        514.8639731223922,
        362.77041578107253,
        385.32936062693034
    ],
    "mrrs": [
        0.10676980994402513,
        0.041109646897587018,
        0.027189160445306865,
        0.053790583880454095
    ],
    "mrrs_var": [
        0.17516875232329618,
        0.07162838206254046,
        0.0472205704332352,
        0.20018586164626093
    ],
    "mrrs_std": [
        0.030684091790500283,
        0.0051306251168972685,
        0.0022297822720401266,
        0.040074379203055926
    ],
    "mean_acc": 0.5905937081904842,
    "std_acc": 0.26534006113689185,
    "var_acc": 0.07002258887190439,
    "audio_acc": 0.5917444497867714,
    "std_audio_acc": 0.26461781661842876,
    "text_acc": 0.5894429665941968,
    "std_text_acc": 0.26656248686254247,
    "var_text_acc": 0.07105555940234312
}