{
    "audio_R@1": 0.0074734408841166,
    "audio_R@10": 0.0773285659420445,
    "audio_R@5": 0.0385961757599846,
    "audio_acc": 0.5521953125,
    "audio_mean_rank": 64.66118906299218,
    "duration": 428139,
    "epoch": 9.0,
    "loss": 1.920636214733124,
    "mean_acc": 0.5533046875,
    "steps": 2343749.0,
    "text_R@1": 0.0075809279953551,
    "text_R@10": 0.076284682504822,
    "text_R@5": 0.0386966603047694,
    "text_acc": 0.5544140625,
    "text_mean_rank": 64.65636870678598
}