{
    "names": [
        "sentsummtext2text",
        "sentsummtext2audio",
        "sentsummaudio2text",
        "sentsummaudio2audio"
    ],
    "ranks": [
        59.056603773584904,
        149.1509433962264,
        231.0943396226415,
        414.1320754716981
    ],
    "ranks_sd": [
        11745.449626201498,
        110778.50551797792,
        294931.6703453186,
        514798.8316126736
    ],
    "mrrs": [
        0.37702767178461324,
        0.20240106369909882,
        0.1962861885931702,
        0.072781381080161924
    ],
    "mrrs_sd": [
        0.19263724414629738,
        0.10046000786908461,
        0.09008062173252046,
        0.007233844938057105
    ]
}