{
    "names": [
        "fullsummtext2text",
        "fullsummtext2audio",
        "fullsummaudio2text",
        "fullsummaudio2audio"
    ],
    "ranks": [
        67.83018867924528,
        126.20754716981132,
        232.03773584905662,
        635.433962264151
    ],
    "ranks_sd": [
        13944.857956568168,
        41277.824848700606,
        87646.97970808117,
        759365.264506942
    ],
    "mrrs": [
        0.2779522135359352,
        0.14155882690684163,
        0.06857000103386607,
        0.018052631237427532
    ],
    "mrrs_sd": [
        0.15261745108965996,
        0.07476537019407113,
        0.04281561436433486,
        0.004681829415199839
    ]
}