{
    "names": [
        "sent_descr_text2text",
        "sent_descr_text2audio",
        "sent_descr_audio2text",
        "sent_descr_audio2audio"
    ],
    "ranks": [
        257.8125,
        328.4468085106383,
        312.875,
        260.32608695652175
    ],
    "ranks_var": [
        174182.36067708334,
        277666.41738343146,
        266683.4010416667,
        119435.87192816634
    ],
    "ranks_std": [
        417.35160318020024,
        526.9406203581495,
        516.413982229051,
        345.59495356293377
    ],
    "mrrs": [
        0.14004550913134512,
        0.046264078880726398,
        0.042110676585763923,
        0.05975309489880596
    ],
    "mrrs_var": [
        0.2790494720417506,
        0.07358561318329782,
        0.041298008129179394,
        0.04950095229884897
    ],
    "mrrs_std": [
        0.05786860784677978,
        0.005414842467561934,
        0.0017055254754377676,
        0.002450344278492921
    ],
    "mean_acc": 0.6489610988586002,
    "std_acc": 0.27973825889200893,
    "var_acc": 0.07765227833508631,
    "audio_acc": 0.6503548582657412,
    "std_audio_acc": 0.2786615838882107,
    "text_acc": 0.6475673394514592,
    "std_text_acc": 0.2812435728123356,
    "var_text_acc": 0.0790979472482475
}