{
    "querytext2text": {
        "p10_ep": 0.008333333333333333,
        "p10_seg": 0.004166666666666667,
        "p100_ep": 0.009166666666666667,
        "r10_ep": 0.08333333333333333,
        "r100_ep": 0.5,
        "r100_seg": 0.16666666666666666,
        "r1000_seg": 0.4166666666666667,
        "r10_ep_norm": 0.011840879028379027,
        "ndcg_ep": 0.8179398366358465,
        "rank_ep": 256.0833333333333,
        "rank_seg": 5703.333333333333,
        "mrr_ep": 0.06863617578560609,
        "mrr_seg": 0.030307662938275703
    },
    "querytext2audio": {
        "p10_ep": 0.006250000000000001,
        "p10_seg": 0.0,
        "p100_ep": 0.007291666666666666,
        "r10_ep": 0.0625,
        "r100_ep": 0.4375,
        "r100_seg": 0.0,
        "r1000_seg": 0.3125,
        "r10_ep_norm": 0.002346692561205273,
        "ndcg_ep": 0.8132028342988041,
        "rank_ep": 298.3333333333333,
        "rank_seg": 6204.0625,
        "mrr_ep": 0.028917246908333406,
        "mrr_seg": 0.0013609273192253253
    },
    "queryaudio2text": {
        "p10_ep": 0.004166666666666667,
        "p10_seg": 0.0020833333333333333,
        "p100_ep": 0.005833333333333334,
        "r10_ep": 0.041666666666666664,
        "r100_ep": 0.3541666666666667,
        "r100_seg": 0.020833333333333332,
        "r1000_seg": 0.3125,
        "r10_ep_norm": 0.0041442652329749105,
        "ndcg_ep": 0.8143501846973759,
        "rank_ep": 303.2291666666667,
        "rank_seg": 11237.395833333334,
        "mrr_ep": 0.03508445911133656,
        "mrr_seg": 0.021801535402041616
    },
    "queryaudio2audio": {
        "p10_ep": 0.004166666666666667,
        "p10_seg": 0.0,
        "p100_ep": 0.005416666666666667,
        "r10_ep": 0.041666666666666664,
        "r100_ep": 0.3333333333333333,
        "r100_seg": 0.020833333333333332,
        "r1000_seg": 0.10416666666666667,
        "r10_ep_norm": 0.0031798245614035087,
        "ndcg_ep": 0.8093039577619437,
        "rank_ep": 420.5,
        "rank_seg": 10947.125,
        "mrr_ep": 0.03767276826414124,
        "mrr_seg": 0.0011385979642562917
    },
    "descrtext2text": {
        "p10_ep": 0.014583333333333332,
        "p10_seg": 0.004166666666666667,
        "p100_ep": 0.013541666666666667,
        "r10_ep": 0.10416666666666667,
        "r100_ep": 0.5208333333333334,
        "r100_seg": 0.16666666666666666,
        "r1000_seg": 0.4791666666666667,
        "r10_ep_norm": 0.003560698787136976,
        "ndcg_ep": 0.8126534203807029,
        "rank_ep": 314.1041666666667,
        "rank_seg": 2947.4375,
        "mrr_ep": 0.057364724524568256,
        "mrr_seg": 0.012479400220200748
    },
    "descrtext2audio": {
        "p10_ep": 0.012499999999999999,
        "p10_seg": 0.0020833333333333333,
        "p100_ep": 0.009583333333333333,
        "r10_ep": 0.10416666666666667,
        "r100_ep": 0.4375,
        "r100_seg": 0.10416666666666667,
        "r1000_seg": 0.3125,
        "r10_ep_norm": 0.00659163823911631,
        "ndcg_ep": 0.8126085643805899,
        "rank_ep": 390.6666666666667,
        "rank_seg": 5834.354166666667,
        "mrr_ep": 0.05210786837154526,
        "mrr_seg": 0.007081022786036996
    },
    "descraudio2text": {
        "p10_ep": 0.006250000000000001,
        "p10_seg": 0.0020833333333333333,
        "p100_ep": 0.005625000000000001,
        "r10_ep": 0.0625,
        "r100_ep": 0.3125,
        "r100_seg": 0.0625,
        "r1000_seg": 0.3333333333333333,
        "r10_ep_norm": 0.0027828839869281047,
        "ndcg_ep": 0.8169833727109963,
        "rank_ep": 429.5833333333333,
        "rank_seg": 6937.145833333333,
        "mrr_ep": 0.025515412630038415,
        "mrr_seg": 0.013139322878808438
    },
    "descraudio2audio": {
        "p10_ep": 0.010416666666666666,
        "p10_seg": 0.0,
        "p100_ep": 0.006041666666666667,
        "r10_ep": 0.10416666666666667,
        "r100_ep": 0.3958333333333333,
        "r100_seg": 0.0625,
        "r1000_seg": 0.3333333333333333,
        "r10_ep_norm": 0.005079763701368115,
        "ndcg_ep": 0.8141971459021698,
        "rank_ep": 415.4166666666667,
        "rank_seg": 7472.458333333333,
        "mrr_ep": 0.05375986836951504,
        "mrr_seg": 0.0037785253598427975
    },
    "test_acc": 0.6491247439167155
}