{
    "names": [
        "sentsummtext2text",
        "sentsummtext2audio",
        "sentsummaudio2text",
        "sentsummaudio2audio"
    ],
    "ranks": [
        439.54716981132077,
        1074.4716981132076,
        463.33962264150944,
        1175.8867924528302
    ],
    "ranks_sd": [
        2431512.134567462,
        5049826.890708437,
        781651.3186187256,
        3371000.100391599
    ],
    "mrrs": [
        0.16199705278576535,
        0.012406165238250698,
        0.02102950970323196,
        0.014018957068674046
    ],
    "mrrs_sd": [
        0.12366613925988264,
        0.0006367274772029795,
        0.0036140370933950305,
        0.006609061623051959
    ]
}