{
    "names": [
        "fullsummtext2text",
        "fullsummtext2audio",
        "fullsummaudio2text",
        "fullsummaudio2audio"
    ],
    "ranks": [
        389.62264150943395,
        613.3207547169811,
        560.1132075471698,
        905.188679245283
    ],
    "ranks_sd": [
        615420.763260947,
        947385.199003204,
        2609632.4777500895,
        664253.4360982557
    ],
    "mrrs": [
        0.10081378255425695,
        0.020145367302672638,
        0.014080911067680169,
        0.006129669802165877
    ],
    "mrrs_sd": [
        0.07080614044012523,
        0.001690358021693974,
        0.00045606158595977816,
        0.0007285155789067963
    ]
}