{
    "names": "bm25",
    "rank": 206.22,
    "rank_var": 957783.6116,
    "rank_std": 978.6641975672759,
    "mrr": 0.6198765791659595,
    "mrr_var": 0.39020352476286546,
    "mrr_std": 0.15225879073736417
}