{
    "names": [
        "sent_descr_text2text",
        "sent_descr_text2audio",
        "sent_descr_audio2text",
        "sent_descr_audio2audio"
    ],
    "ranks": [
        314.69565217391306,
        260.5777777777778,
        245.34883720930233,
        179.78571428571428
    ],
    "ranks_var": [
        127844.25519848774,
        102760.73283950618,
        95973.57598701998,
        46383.54931972789
    ],
    "ranks_std": [
        357.5531501727928,
        320.56314953454364,
        309.796023194327,
        215.36840371727672
    ],
    "mrrs": [
        0.012711087160548496,
        0.01763203136769047,
        0.012265538388709975,
        0.0184655356065942
    ],
    "mrrs_var": [
        0.016018553979739333,
        0.025222106071151544,
        0.03247315059280773,
        0.09183481388162938
    ],
    "mrrs_std": [
        0.0002565940716018228,
        0.0006361546346644196,
        0.0010545055094231693,
        0.008433633040673509
    ],
    "mean_acc": 0.007782449410485826,
    "std_acc": 0.00614606682622103,
    "var_acc": 5.966283690596183e-05,
    "audio_acc": 0.007745212810435655,
    "std_audio_acc": 0.007724172247300149,
    "text_acc": 0.007819686010535998,
    "std_text_acc": 0.007717190642874446,
    "var_text_acc": 5.95550314184689e-05
}